Ticker,INFY.NS,INFY.NS,INFY.NS,INFY.NS,INFY.NS,INFY.NS,HDFCBANK.NS,HDFCBANK.NS,HDFCBANK.NS,HDFCBANK.NS,HDFCBANK.NS,HDFCBANK.NS,LT.NS,LT.NS,LT.NS,LT.NS,LT.NS,LT.NS,HINDUNILVR.NS,HINDUNILVR.NS,HINDUNILVR.NS,HINDUNILVR.NS,HINDUNILVR.NS,HINDUNILVR.NS,MARUTI.NS,MARUTI.NS,MARUTI.NS,MARUTI.NS,MARUTI.NS,MARUTI.NS,COALINDIA.NS,COALINDIA.NS,COALINDIA.NS,COALINDIA.NS,COALINDIA.NS,COALINDIA.NS,SBIN.NS,SBIN.NS,SBIN.NS,SBIN.NS,SBIN.NS,SBIN.NS,ADANIPORTS.NS,ADANIPORTS.NS,ADANIPORTS.NS,ADANIPORTS.NS,ADANIPORTS.NS,ADANIPORTS.NS,BAJFINANCE.NS,BAJFINANCE.NS,BAJFINANCE.NS,BAJFINANCE.NS,BAJFINANCE.NS,BAJFINANCE.NS,ICICIBANK.NS,ICICIBANK.NS,ICICIBANK.NS,ICICIBANK.NS,ICICIBANK.NS,ICICIBANK.NS,TCS.NS,TCS.NS,TCS.NS,TCS.NS,TCS.NS,TCS.NS,ADANIENT.NS,ADANIENT.NS,ADANIENT.NS,ADANIENT.NS,ADANIENT.NS,ADANIENT.NS,BHARTIARTL.NS,BHARTIARTL.NS,BHARTIARTL.NS,BHARTIARTL.NS,BHARTIARTL.NS,BHARTIARTL.NS,RELIANCE.NS,RELIANCE.NS,RELIANCE.NS,RELIANCE.NS,RELIANCE.NS,RELIANCE.NS
Price,Open,High,Low,Close,Adj Close,Volume,Open,High,Low,Close,Adj Close,Volume,Open,High,Low,Close,Adj Close,Volume,Open,High,Low,Close,Adj Close,Volume,Open,High,Low,Close,Adj Close,Volume,Open,High,Low,Close,Adj Close,Volume,Open,High,Low,Close,Adj Close,Volume,Open,High,Low,Close,Adj Close,Volume,Open,High,Low,Close,Adj Close,Volume,Open,High,Low,Close,Adj Close,Volume,Open,High,Low,Close,Adj Close,Volume,Open,High,Low,Close,Adj Close,Volume,Open,High,Low,Close,Adj Close,Volume,Open,High,Low,Close,Adj Close,Volume
Date,,,,,,,,,,,,,,,,,,,,,,,,,,,,,,,,,,,,,,,,,,,,,,,,,,,,,,,,,,,,,,,,,,,,,,,,,,,,,,,,,,,,
2025-12-16,1600.0,1603.0,1585.5999755859375,1592.9000244140625,1592.9000244140625,5499258,990.0999755859375,998.7000122070312,990.0999755859375,994.2999877929688,994.2999877929688,20049088,4083.699951171875,4103.7998046875,4051.199951171875,4063.800048828125,4063.800048828125,2199214,2293.39990234375,2302.699951171875,2276.0,2281.10009765625,2281.10009765625,1256042,16400.0,16451.0,16320.0,16354.0,16354.0,156134,384.0,384.20001220703125,378.3500061035156,381.6000061035156,381.6000061035156,5109787.0,966.0499877929688,969.0,958.0499877929688,961.1500244140625,961.1500244140625,4764786.0,1512.5999755859375,1512.5999755859375,1494.199951171875,1499.0,1499.0,1122212,1007.5,1010.5999755859375,996.5,998.4000244140625,998.4000244140625,3861617,1364.0,1368.699951171875,1355.5,1366.0,1366.0,12359741.0,3220.0,3220.0,3191.10009765625,3205.10009765625,3147.875244140625,1734623,2270.0,2276.800048828125,2232.10009765625,2247.89990234375,2247.89990234375,654714,2070.10009765625,2106.60009765625,2070.10009765625,2102.0,2102.0,5756692,1545.0,1551.699951171875,1538.800048828125,1542.300048828125,1542.300048828125,11731856
2025-12-17,1587.199951171875,1606.9000244140625,1586.0,1602.0,1602.0,4817628,996.0,996.0,980.7999877929688,984.0,984.0,19080922,4079.0,4079.0,4040.0,4062.39990234375,4062.39990234375,1087334,2281.199951171875,2286.199951171875,2268.300048828125,2275.60009765625,2275.60009765625,808100,16389.0,16490.0,16357.0,16398.0,16398.0,257406,380.8500061035156,385.5,380.79998779296875,384.75,384.75,3651138.0,965.5499877929688,978.5,964.2999877929688,975.8499755859375,975.8499755859375,8013382.0,1494.0999755859375,1500.0,1479.300048828125,1486.300048828125,1486.300048828125,964352,1000.0,1011.2000122070312,995.2999877929688,999.5999755859375,999.5999755859375,4695550,1365.0,1365.0,1343.0999755859375,1352.4000244140625,1352.4000244140625,9440391.0,3200.5,3236.89990234375,3200.5,3217.800048828125,3160.348388671875,1376350,2247.60009765625,2255.0,2221.0,2232.5,2232.5,651509,2117.60009765625,2128.0,2096.39990234375,2108.0,2108.0,6412516,1550.0,1550.0,1539.300048828125,1544.4000244140625,1544.4000244140625,7116649
2025-12-18,1610.5,1630.0,1606.699951171875,1626.800048828125,1626.800048828125,6577293,973.2999877929688,987.4000244140625,973.2999877929688,979.7000122070312,979.7000122070312,14912404,4067.0,4071.800048828125,4023.39990234375,4031.10009765625,4031.10009765625,1004303,2270.0,2278.300048828125,2255.300048828125,2265.5,2265.5,1057295,16440.0,16486.0,16221.0,16329.0,16329.0,213981,384.3999938964844,386.5,382.8500061035156,385.29998779296875,385.29998779296875,2379619.0,977.9000244140625,981.4500122070312,973.5,977.5499877929688,977.5499877929688,4926879.0,1486.4000244140625,1498.0,1476.0,1495.699951171875,1495.699951171875,683681,1002.0999755859375,1009.7000122070312,995.0,1000.2999877929688,1000.2999877929688,3103997,1346.300048828125,1369.5,1345.5,1356.800048828125,1356.800048828125,7314573.0,3228.0,3287.800048828125,3221.0,3280.800048828125,3222.2236328125,2307422,2236.39990234375,2245.0,2211.10009765625,2229.300048828125,2229.300048828125,508238,2099.0,2116.60009765625,2088.10009765625,2092.0,2092.0,3760341,1535.199951171875,1551.5,1535.199951171875,1544.4000244140625,1544.4000244140625,6580829
2025-12-19,1650.0,1654.9000244140625,1629.800048828125,1638.699951171875,1638.699951171875,13149023,987.0,988.0,978.7000122070312,985.5,985.5,25952384,4040.10009765625,4091.5,4040.10009765625,4073.5,4073.5,1327935,2263.699951171875,2284.800048828125,2263.699951171875,2280.0,2280.0,1237214,16329.0,16475.0,16329.0,16414.0,16414.0,360190,385.0,387.3500061035156,383.5,385.6000061035156,385.6000061035156,3611941.0,979.9500122070312,982.0,977.0499877929688,980.2999877929688,980.2999877929688,5376584.0,1495.0,1503.699951171875,1490.699951171875,1496.4000244140625,1496.4000244140625,1276175,1003.2000122070312,1014.0,1002.5,1008.2999877929688,1008.2999877929688,5126009,1354.0,1360.4000244140625,1350.800048828125,1354.0999755859375,1354.0999755859375,14318512.0,3299.0,3317.89990234375,3278.800048828125,3282.0,3223.402099609375,3902511,2249.0,2250.0,2210.0,2239.0,2239.0,880005,2113.89990234375,2115.0,2082.0,2097.699951171875,2097.699951171875,10127415,1554.4000244140625,1574.199951171875,1551.0,1565.0999755859375,1565.0999755859375,13937275
2025-12-22,1664.0,1693.199951171875,1664.0,1689.5999755859375,1689.5999755859375,23098923,988.0,992.9000244140625,983.9000244140625,987.7000122070312,987.7000122070312,13540411,4081.0,4098.5,4068.5,4072.39990234375,4072.39990234375,764774,2280.0,2295.0,2280.0,2289.5,2289.5,790773,16464.0,16693.0,16414.0,16649.0,16649.0,271590,385.6000061035156,386.95001220703125,384.04998779296875,386.25,386.25,3112021.0,981.0999755859375,983.0,972.5499877929688,974.2999877929688,974.2999877929688,5959037.0,1497.5,1515.0,1497.5,1508.699951171875,1508.699951171875,1116833,1008.2999877929688,1015.4000244140625,1005.0,1007.7999877929688,1007.7999877929688,3921237,1358.0,1371.300048828125,1354.800048828125,1368.5,1368.5,9375294.0,3310.0,3328.60009765625,3291.0,3324.89990234375,3265.5361328125,2632816,2260.0,2274.0,2245.89990234375,2263.5,2263.5,599195,2118.0,2151.699951171875,2101.699951171875,2147.60009765625,2147.60009765625,7670853,1573.5,1577.5,1565.300048828125,1575.4000244140625,1575.4000244140625,10184852
2025-12-23,1679.0,1679.0,1656.4000244140625,1668.300048828125,1668.300048828125,6593060,990.5,998.9000244140625,987.7000122070312,996.5999755859375,996.5999755859375,17927849,4089.0,4095.0,4053.300048828125,4058.800048828125,4058.800048828125,1867147,2289.300048828125,2310.0,2280.699951171875,2302.60009765625,2302.60009765625,1128801,16709.0,16720.0,16558.0,16585.0,16585.0,215650,387.45001220703125,400.95001220703125,386.45001220703125,400.3999938964844,400.3999938964844,18487395.0,976.2999877929688,977.5499877929688,970.7000122070312,971.9000244140625,971.9000244140625,5123287.0,1508.699951171875,1513.800048828125,1491.199951171875,1493.5999755859375,1493.5999755859375,928446,1013.5,1018.0,1005.7000122070312,1011.4000244140625,1011.4000244140625,4712043,1361.0999755859375,1365.0,1357.0,1363.0,1363.0,9105467.0,3319.89990234375,3319.89990234375,3293.5,3310.0,3250.902099609375,2365420,2272.5,2273.60009765625,2245.0,2248.800048828125,2248.800048828125,450112,2157.0,2164.0,2119.199951171875,2122.89990234375,2122.89990234375,4110853,1580.9000244140625,1580.9000244140625,1568.0999755859375,1570.699951171875,1570.699951171875,7506564
2025-12-24,1661.0,1667.5999755859375,1652.5,1663.4000244140625,1663.4000244140625,4271167,993.0,999.4000244140625,993.0,997.2000122070312,997.2000122070312,13699996,4065.0,4080.699951171875,4048.10009765625,4053.60009765625,4053.60009765625,1021436,2302.60009765625,2305.0,2278.10009765625,2282.199951171875,2282.199951171875,519380,16640.0,16720.0,16542.0,16703.0,16703.0,258486,403.79998779296875,412.3999938964844,401.75,402.3500061035156,402.3500061035156,17624423.0,973.2000122070312,977.2999877929688,967.5,968.9500122070312,968.9500122070312,4105643.0,1503.0,1507.199951171875,1492.0,1494.300048828125,1494.300048828125,1318023,1011.0,1037.4000244140625,1006.0,1011.7000122070312,1011.7000122070312,5984816,1363.800048828125,1368.199951171875,1357.5999755859375,1359.800048828125,1359.800048828125,8955140.0,3304.10009765625,3327.10009765625,3296.10009765625,3319.0,3259.741455078125,1367708,2250.0,2258.800048828125,2217.39990234375,2222.699951171875,2222.699951171875,825693,2111.0,2137.199951171875,2111.0,2123.699951171875,2123.699951171875,3145464,1572.699951171875,1575.699951171875,1553.5999755859375,1558.199951171875,1558.199951171875,8815745
2025-12-26,1663.4000244140625,1668.800048828125,1651.699951171875,1656.0999755859375,1656.0999755859375,2006491,996.0,997.2000122070312,987.7000122070312,992.0999755859375,992.0999755859375,9360853,4052.0,4061.5,4030.199951171875,4047.300048828125,4047.300048828125,594330,2282.300048828125,2290.0,2275.0,2285.39990234375,2285.39990234375,533626,16703.0,16703.0,16516.0,16596.0,16596.0,212925,403.79998779296875,408.3999938964844,400.6000061035156,402.1499938964844,402.1499938964844,5435637.0,968.9500122070312,971.0,964.75,966.2999877929688,966.2999877929688,3286321.0,1499.5999755859375,1501.4000244140625,1485.0,1487.0999755859375,1487.0999755859375,876540,1011.7000122070312,1011.7000122070312,998.0,1000.0,1000.0,5211460,1356.5,1362.0,1348.5,1350.4000244140625,1350.4000244140625,2812144.0,3313.10009765625,3320.0,3271.800048828125,3280.0,3221.437744140625,1176664,2229.300048828125,2250.89990234375,2218.0,2229.89990234375,2229.89990234375,566237,2123.0,2123.0,2101.800048828125,2105.39990234375,2105.39990234375,1297870,1554.699951171875,1561.0,1554.300048828125,1559.199951171875,1559.199951171875,2311495
2025-12-29,1658.0,1673.0999755859375,1637.0999755859375,1644.699951171875,1644.699951171875,4062817,993.0999755859375,997.4000244140625,987.2000122070312,991.7000122070312,991.7000122070312,13545749,4053.0,4061.10009765625,4033.39990234375,4038.699951171875,4038.699951171875,952143,2288.89990234375,2298.699951171875,2280.0,2293.300048828125,2293.300048828125,1086695,16600.0,16682.0,16499.0,16542.0,16542.0,251796,404.0,405.5,399.0,400.6499938964844,400.6499938964844,6105510.0,966.9000244140625,968.9000244140625,961.4500122070312,965.0499877929688,965.0499877929688,5267233.0,1487.0999755859375,1487.0999755859375,1451.0,1454.4000244140625,1454.4000244140625,1568472,1003.0,1003.9000244140625,989.5999755859375,998.0,998.0,6715489,1352.0999755859375,1355.699951171875,1341.5,1343.300048828125,1343.300048828125,6057201.0,3280.0,3288.0,3242.89990234375,3251.5,3193.446533203125,2079473,2232.0,2238.199951171875,2196.0,2203.199951171875,2203.199951171875,690691,2105.39990234375,2112.699951171875,2079.39990234375,2081.60009765625,2081.60009765625,2371034,1554.9000244140625,1558.0999755859375,1543.5999755859375,1545.5999755859375,1545.5999755859375,5972105
2025-12-30,1647.0,1647.9000244140625,1616.800048828125,1621.5999755859375,1621.5999755859375,9395937,990.2000122070312,995.0,982.2000122070312,990.9000244140625,990.9000244140625,33155849,4039.0,4063.89990234375,4006.199951171875,4052.0,4052.0,1362208,2293.300048828125,2298.0,2283.0,2290.199951171875,2290.199951171875,1556717,16575.0,16818.0,16482.0,16647.0,16647.0,1055843,400.0,400.20001220703125,395.5,398.0,398.0,4418163.0,963.0,976.2000122070312,959.5,973.4500122070312,973.4500122070312,15030644.0,1450.0,1470.5,1447.300048828125,1461.199951171875,1461.199951171875,3463973,994.0999755859375,997.5999755859375,987.0999755859375,989.2999877929688,989.2999877929688,7473887,1343.300048828125,1347.0999755859375,1338.0999755859375,1342.5,1342.5,18621277.0,3250.0,3267.5,3239.5,3246.800048828125,3188.83056640625,2807593,2204.800048828125,2219.0,2195.0,2214.699951171875,2214.699951171875,935026,2077.0,2102.800048828125,2071.60009765625,2099.800048828125,2099.800048828125,6983390,1547.0,1553.5999755859375,1537.800048828125,1539.800048828125,1539.800048828125,8815884
2025-12-31,1621.0,1628.5999755859375,1609.199951171875,1615.4000244140625,1615.4000244140625,6538656,991.0,997.5999755859375,987.5999755859375,991.2000122070312,991.2000122070312,10963454,4058.0,4094.5,4048.0,4083.5,4083.5,1160164,2290.0,2325.5,2286.800048828125,2315.89990234375,2315.89990234375,1324220,16581.0,16776.0,16581.0,16697.0,16697.0,314427,398.3999938964844,404.0,397.54998779296875,399.0,399.0,4644679.0,975.25,985.6500244140625,973.5,982.2000122070312,982.2000122070312,5807630.0,1468.5,1475.0,1461.300048828125,1469.800048828125,1469.800048828125,707055,990.0,994.2000122070312,978.4000244140625,986.7999877929688,986.7999877929688,9895270,1342.800048828125,1350.0,1339.5,1342.9000244140625,1342.9000244140625,6150634.0,3240.0,3246.0,3198.5,3206.199951171875,3148.955322265625,3362634,2216.300048828125,2246.39990234375,2216.300048828125,2239.699951171875,2239.699951171875,779141,2096.0,2121.0,2090.10009765625,2105.60009765625,2105.60009765625,2991434,1541.0,1577.0,1541.0,1570.4000244140625,1570.4000244140625,5771830
2026-01-01,1615.4000244140625,1639.5999755859375,1614.0999755859375,1629.800048828125,1629.800048828125,3658165,993.5,997.5499877929688,989.5,991.1500244140625,991.1500244140625,7132074,4090.0,4146.7998046875,4088.300048828125,4140.39990234375,4140.39990234375,1360716,2322.0,2326.0,2300.0,2323.0,2323.0,758866,16700.0,16798.0,16602.0,16708.0,16708.0,171293,399.0,402.79998779296875,398.25,400.45001220703125,400.45001220703125,3161157.0,983.2000122070312,987.6500244140625,980.3499755859375,984.75,984.75,4328348.0,1472.800048828125,1490.9000244140625,1470.4000244140625,1481.0999755859375,1481.0999755859375,981252,988.2000122070312,989.0,969.0,973.0999755859375,973.0999755859375,7118751,1343.9000244140625,1348.4000244140625,1336.0,1338.0,1338.0,4179311.0,3215.0,3234.10009765625,3198.199951171875,3227.39990234375,3169.77685546875,1255735,2249.0,2287.39990234375,2241.0,2260.0,2260.0,1046220,2114.800048828125,2123.89990234375,2107.0,2110.39990234375,2110.39990234375,2097756,1573.699951171875,1592.5,1571.0999755859375,1575.5999755859375,1575.5999755859375,6408128
2026-01-02,1635.9000244140625,1643.5,1627.5,1640.4000244140625,1640.4000244140625,2524526,991.1500244140625,1003.2000122070312,988.7999877929688,1001.5999755859375,1001.5999755859375,11751459,4138.10009765625,4172.7001953125,4127.10009765625,4163.39990234375,4163.39990234375,984027,2326.0,2357.699951171875,2322.0,2348.0,2348.0,973413,16750.0,16999.0,16723.0,16960.0,16960.0,388562,401.3500061035156,429.5,401.0,427.8999938964844,427.8999938964844,35090129.0,984.5,1009.5,983.9500122070312,998.9500122070312,998.9500122070312,7357435.0,1480.0999755859375,1495.0,1478.300048828125,1489.5,1489.5,1251176,972.9000244140625,994.2000122070312,960.5999755859375,990.4500122070312,990.4500122070312,6206869,1338.0,1356.9000244140625,1336.300048828125,1355.4000244140625,1355.4000244140625,8226205.0,3234.0,3254.300048828125,3219.5,3250.699951171875,3192.660888671875,1184324,2260.0,2283.699951171875,2259.0,2279.800048828125,2279.800048828125,715242,2108.0,2125.0,2098.0,2106.300048828125,2106.300048828125,2927138,1580.0,1594.5999755859375,1578.199951171875,1592.300048828125,1592.300048828125,6602230
2026-01-05,1637.0,1637.0,1583.0999755859375,1606.4000244140625,1606.4000244140625,5917885,1005.75,1006.4000244140625,976.2999877929688,977.5,977.5,27647379,4162.89990234375,4195.0,4132.7998046875,4150.39990234375,4150.39990234375,1167460,2341.5,2394.0,2336.39990234375,2384.10009765625,2384.10009765625,1344113,17025.0,17370.0,16980.0,17155.0,17155.0,305668,430.95001220703125,436.70001220703125,423.5,427.45001220703125,427.45001220703125,17258568.0,1000.0,1015.5,1000.0,1005.5499877929688,1005.5499877929688,11259060.0,1488.0,1496.800048828125,1479.0999755859375,1493.0,1493.0,790039,979.7000122070312,999.1500244140625,975.0,978.75,978.75,10564157,1354.199951171875,1375.5,1352.5999755859375,1371.5,1371.5,6920565.0,3240.5,3247.0,3191.0,3216.10009765625,3158.6787109375,2341703,2287.0,2303.89990234375,2274.300048828125,2279.5,2279.5,696380,2102.10009765625,2112.10009765625,2096.5,2105.0,2105.0,2642580,1593.0,1611.800048828125,1575.300048828125,1578.0999755859375,1578.0999755859375,8704973
2026-01-06,1600.0999755859375,1619.9000244140625,1599.0,1612.199951171875,1612.199951171875,4466729,962.7000122070312,966.7000122070312,956.0,962.2000122070312,962.2000122070312,31988783,4153.0,4185.0,4129.89990234375,4140.60009765625,4140.60009765625,1205337,2398.800048828125,2428.10009765625,2367.800048828125,2424.699951171875,2424.699951171875,1584720,17170.0,17306.0,17142.0,17292.0,17292.0,192182,427.0,431.29998779296875,424.70001220703125,427.04998779296875,427.04998779296875,6308113.0,1007.9500122070312,1024.0,1004.9500122070312,1018.9000244140625,1018.9000244140625,9575742.0,1490.0,1493.0,1470.699951171875,1473.199951171875,1473.199951171875,1675609,978.0,987.0,973.2999877929688,977.3499755859375,977.3499755859375,8380183,1372.0,1413.5999755859375,1366.0,1411.199951171875,1411.199951171875,17260416.0,3210.0,3263.199951171875,3205.0,3255.800048828125,3197.669921875,2912325,2288.89990234375,2290.39990234375,2248.10009765625,2259.10009765625,2259.10009765625,698294,2106.800048828125,2121.800048828125,2087.5,2105.300048828125,2105.300048828125,9119265,1569.0,1569.0,1496.300048828125,1507.5999755859375,1507.5999755859375,27417125
2026-01-07,1615.0,1642.0,1615.0,1639.0,1639.0,4508079,956.0,956.4500122070312,946.0,949.0499877929688,949.0499877929688,52884712,4106.0,4180.0,4094.0,4157.0,4157.0,1213160,2416.0,2421.89990234375,2382.0,2399.39990234375,2399.39990234375,892690,17230.0,17249.0,16524.0,16809.0,16809.0,427979,426.95001220703125,432.45001220703125,423.6499938964844,431.6499938964844,431.6499938964844,8920605.0,1022.7000122070312,1022.7000122070312,1004.0,1007.1500244140625,1007.1500244140625,7896720.0,1473.199951171875,1480.4000244140625,1459.0,1465.300048828125,1465.300048828125,2124534,973.0499877929688,976.4500122070312,965.0499877929688,968.7999877929688,968.7999877929688,7048491,1408.0,1429.9000244140625,1404.199951171875,1427.699951171875,1427.699951171875,15813795.0,3242.89990234375,3300.60009765625,3223.199951171875,3295.60009765625,3236.75927734375,1989442,2265.0,2284.0,2243.0,2274.10009765625,2274.10009765625,529451,2095.60009765625,2103.800048828125,2077.0,2084.199951171875,2084.199951171875,4171371,1510.0,1520.0,1498.0,1504.199951171875,1504.199951171875,11199340
2026-01-08,1638.9000244140625,1644.300048828125,1608.5999755859375,1613.300048828125,1613.300048828125,3942131,944.7000122070312,953.0,941.4000244140625,946.7000122070312,946.7000122070312,21928849,4160.0,4169.89990234375,3991.300048828125,4028.39990234375,4028.39990234375,2328813,2389.0,2418.10009765625,2368.10009765625,2386.699951171875,2386.699951171875,1163828,16808.0,16808.0,16541.0,16664.0,16664.0,238421,431.6499938964844,434.0,423.45001220703125,425.25,425.25,5991259.0,1006.5999755859375,1011.5999755859375,995.8499755859375,998.0,998.0,6854268.0,1468.0,1489.0,1460.300048828125,1465.199951171875,1465.199951171875,1974347,968.5,978.3499755859375,965.2999877929688,971.9500122070312,971.9500122070312,4410256,1429.0,1442.199951171875,1423.300048828125,1435.0,1435.0,14861699.0,3286.89990234375,3286.89990234375,3182.0,3203.89990234375,3146.6962890625,4159336,2275.0,2275.89990234375,2205.0,2214.0,2214.0,792800,2088.0,2092.0,2055.0,2066.300048828125,2066.300048828125,5534929,1500.0,1503.9000244140625,1468.800048828125,1470.5999755859375,1470.5999755859375,16518684
2026-01-09,1610.0,1631.300048828125,1607.0,1614.0999755859375,1614.0999755859375,6816681,945.0,950.5999755859375,933.2999877929688,939.0,939.0,38183839,4029.0,4094.0,4006.199951171875,4025.199951171875,4025.199951171875,1718127,2382.0,2386.0,2361.0,2372.60009765625,2372.60009765625,1189464,16663.0,16704.0,16417.0,16501.0,16501.0,286302,423.70001220703125,428.3500061035156,417.20001220703125,418.3500061035156,418.3500061035156,7306605.0,996.0,1008.0,994.0,1000.5,1000.5,7809460.0,1463.0,1463.0,1431.0,1435.9000244140625,1435.9000244140625,2280396,970.0999755859375,983.0,953.7000122070312,959.5999755859375,959.5999755859375,7598970,1427.0999755859375,1429.5,1401.5,1404.300048828125,1404.300048828125,12555636.0,3191.0,3229.699951171875,3191.0,3207.800048828125,3150.52685546875,1938673,2214.10009765625,2216.0,2145.0,2153.699951171875,2153.699951171875,1570376,2070.199951171875,2084.0,2023.199951171875,2027.0999755859375,2027.0999755859375,4165409,1465.0,1479.9000244140625,1465.0,1475.300048828125,1475.300048828125,8335311
2026-01-12,1610.0999755859375,1613.300048828125,1592.5999755859375,1595.9000244140625,1595.9000244140625,6985362,937.5,942.0,929.5999755859375,936.9500122070312,936.9500122070312,21071666,4026.0,4026.89990234375,3944.300048828125,4019.0,4019.0,1386513,2362.0,2413.89990234375,2361.0,2406.199951171875,2406.199951171875,1057665,16456.0,16615.0,16271.0,16582.0,16582.0,288686,418.8999938964844,433.1499938964844,415.6499938964844,432.29998779296875,432.29998779296875,14407896.0,1008.0,1017.25,996.0,1015.1500244140625,1015.1500244140625,7617922.0,1435.9000244140625,1447.0999755859375,1403.9000244140625,1443.5,1443.5,1539180,958.7999877929688,961.4000244140625,939.8499755859375,951.9000244140625,951.9000244140625,5640136,1399.9000244140625,1424.300048828125,1391.699951171875,1413.0999755859375,1413.0999755859375,10923811.0,3203.0,3252.0,3174.300048828125,3239.60009765625,3181.75927734375,2228342,2156.60009765625,2180.0,2119.0,2171.60009765625,2171.60009765625,1257197,2023.5,2048.800048828125,2001.300048828125,2044.0,2044.0,4689135,1475.300048828125,1485.300048828125,1451.0,1483.199951171875,1483.199951171875,8883745
2026-01-13,1618.0,1618.0,1586.4000244140625,1599.0,1599.0,8080618,947.7000122070312,947.7000122070312,932.5999755859375,937.3499755859375,937.3499755859375,32042827,4028.0,4028.0,3837.0,3887.39990234375,3887.39990234375,4978634,2415.10009765625,2422.199951171875,2365.0,2389.5,2389.5,1519683,16662.0,16726.0,16293.0,16426.0,16426.0,312205,434.0,435.79998779296875,425.6000061035156,428.8999938964844,428.8999938964844,7104004.0,1022.7999877929688,1029.5,1016.0,1028.449951171875,1028.449951171875,11016895.0,1443.5,1449.0,1420.0,1428.5999755859375,1428.5999755859375,919873,950.0,955.8499755859375,939.0,949.0,949.0,6765116,1420.0,1441.800048828125,1411.0999755859375,1437.0,1437.0,14295581.0,3245.0,3280.0,3210.5,3268.0,3209.652099609375,5645341,2187.800048828125,2187.800048828125,2141.10009765625,2158.5,2158.5,791556,2047.0,2049.89990234375,2014.9000244140625,2026.9000244140625,2026.9000244140625,7388496,1485.0,1485.800048828125,1444.699951171875,1452.800048828125,1452.800048828125,13499760
2026-01-14,1588.0,1617.0,1583.0999755859375,1599.800048828125,1599.800048828125,7557157,930.0,940.0499877929688,920.2000122070312,925.4500122070312,925.4500122070312,36688248,3900.0,3904.89990234375,3856.60009765625,3865.800048828125,3865.800048828125,1914244,2398.89990234375,2398.89990234375,2341.0,2353.5,2353.5,1027639,16390.0,16412.0,16090.0,16152.0,16152.0,240043,428.0,442.0,427.3999938964844,432.20001220703125,432.20001220703125,17125550.0,1030.0,1030.4000244140625,1020.5,1028.3499755859375,1028.3499755859375,7370514.0,1429.0,1438.9000244140625,1423.0,1430.0,1430.0,1278819,947.0,953.9000244140625,943.1500244140625,945.9500122070312,945.9500122070312,4452202,1425.5999755859375,1443.9000244140625,1414.9000244140625,1418.4000244140625,1418.4000244140625,13832255.0,3260.0,3260.0,3183.0,3192.5,3135.5,3539511,2156.0,2169.0,2142.0,2153.300048828125,2153.300048828125,618139,2015.0999755859375,2034.0,2008.699951171875,2022.5,2022.5,4842964,1444.0,1467.0,1440.199951171875,1458.800048828125,1458.800048828125,8321764
2026-01-15,1599.800048828125,1599.800048828125,1599.800048828125,1599.800048828125,1599.800048828125,0,925.4500122070312,925.4500122070312,925.4500122070312,925.4500122070312,925.4500122070312,0,3865.800048828125,3865.800048828125,3865.800048828125,3865.800048828125,3865.800048828125,0,2353.5,2353.5,2353.5,2353.5,2353.5,0,16152.0,16152.0,16152.0,16152.0,16152.0,0,432.20001220703125,432.20001220703125,432.20001220703125,432.20001220703125,432.20001220703125,0.0,1028.3499755859375,1028.3499755859375,1028.3499755859375,1028.3499755859375,1028.3499755859375,0.0,1430.0,1430.0,1430.0,1430.0,1430.0,0,945.9500122070312,945.9500122070312,945.9500122070312,945.9500122070312,945.9500122070312,0,1418.4000244140625,1418.4000244140625,1418.4000244140625,1418.4000244140625,1418.4000244140625,0.0,3192.5,3192.5,3192.5,3192.5,3135.5,0,2153.300048828125,2153.300048828125,2153.300048828125,2153.300048828125,2153.300048828125,0,2022.5,2022.5,2022.5,2022.5,2022.5,0,1458.800048828125,1458.800048828125,1458.800048828125,1458.800048828125,1458.800048828125,0
2026-01-16,1663.699951171875,1694.0,1653.4000244140625,1689.800048828125,1689.800048828125,19335957,922.0,935.9500122070312,919.2000122070312,931.0999755859375,931.0999755859375,37780235,3890.0,3914.0,3848.699951171875,3856.39990234375,3856.39990234375,1807300,2370.0,2372.89990234375,2348.89990234375,2360.39990234375,2360.39990234375,1367606,16000.0,16197.0,15770.0,15859.0,15859.0,703056,432.20001220703125,433.6000061035156,428.0,431.0,431.0,6410141.0,1032.0,1047.449951171875,1028.4000244140625,1042.300048828125,1042.300048828125,11051580.0,1430.0,1448.0,1416.0999755859375,1421.9000244140625,1421.9000244140625,1556318,940.2000122070312,963.0,936.7999877929688,950.25,950.25,10710080,1417.9000244140625,1429.0,1400.199951171875,1410.800048828125,1410.800048828125,12530886.0,3219.39990234375,3221.89990234375,3171.0,3206.699951171875,3206.699951171875,4293470,2162.800048828125,2193.89990234375,2152.10009765625,2157.300048828125,2157.300048828125,758469,2020.0,2029.699951171875,1988.699951171875,2016.4000244140625,2016.4000244140625,7310676,1458.800048828125,1480.0,1455.0999755859375,1457.9000244140625,1457.9000244140625,17167161
2026-01-19,1685.0,1685.0,1666.5,1681.199951171875,1681.199951171875,5104958,935.9000244140625,936.1500244140625,919.5,927.9000244140625,927.9000244140625,38191942,3820.0,3878.39990234375,3808.5,3869.800048828125,3869.800048828125,1709380,2353.0,2425.39990234375,2353.0,2413.89990234375,2413.89990234375,1505238,15859.0,16242.0,15813.0,16176.0,16176.0,385141,431.0,432.8500061035156,428.3500061035156,430.1499938964844,430.1499938964844,7105031.0,1035.0,1043.5999755859375,1034.0,1038.4000244140625,1038.4000244140625,5460164.0,1421.0,1421.0,1395.5999755859375,1403.0,1403.0,1130162,950.5,972.9000244140625,948.8499755859375,969.4500122070312,969.4500122070312,7000442,1399.9000244140625,1400.0,1360.0,1380.5999755859375,1380.5999755859375,23302883.0,3188.0,3220.0,3152.10009765625,3163.60009765625,3163.60009765625,3387562,2155.0,2156.800048828125,2123.0,2134.60009765625,2134.60009765625,749495,2023.0,2023.0,1996.300048828125,2010.0,2010.0,4272071,1450.5999755859375,1450.5999755859375,1403.300048828125,1413.5999755859375,1413.5999755859375,20392765
2026-01-20,1673.0,1680.199951171875,1652.9000244140625,1658.9000244140625,1658.9000244140625,6406503,929.2999877929688,934.5,919.5999755859375,931.2000122070312,931.2000122070312,36022727,3858.0,3874.300048828125,3800.0,3810.5,3810.5,1658119,2423.0,2439.0,2368.5,2379.10009765625,2379.10009765625,1460806,16200.0,16233.0,15850.0,15879.0,15879.0,289609,430.1000061035156,430.95001220703125,413.54998779296875,415.29998779296875,415.29998779296875,6768420.0,1039.75,1052.0,1033.050048828125,1036.4000244140625,1036.4000244140625,8905718.0,1409.0,1412.9000244140625,1359.5999755859375,1367.5999755859375,1367.5999755859375,1799611,975.7000122070312,975.7000122070312,927.9000244140625,933.2000122070312,933.2000122070312,9001207,1374.699951171875,1387.800048828125,1371.5,1375.800048828125,1375.800048828125,15012785.0,3151.60009765625,3160.0,3091.10009765625,3102.300048828125,3102.300048828125,4499273,2134.0,2139.89990234375,2040.0,2055.10009765625,2055.10009765625,1160975,2018.0,2018.0,1977.0999755859375,1996.0,1996.0,6076838,1410.699951171875,1416.0,1390.0,1394.0,1394.0,13189498
2026-01-21,1651.0,1657.0,1631.199951171875,1654.4000244140625,1654.4000244140625,6224582,925.0,932.1500244140625,915.5,920.3499755859375,920.3499755859375,32766854,3800.0,3830.0,3722.0,3766.5,3766.5,2537185,2379.10009765625,2400.5,2360.0,2368.0,2368.0,1020245,15675.0,15973.0,15675.0,15770.0,15770.0,345738,414.95001220703125,419.6499938964844,411.54998779296875,414.04998779296875,414.04998779296875,7312100.0,1032.0,1040.5999755859375,1022.0,1028.6500244140625,1028.6500244140625,7408949.0,1371.699951171875,1390.4000244140625,1345.0,1378.5999755859375,1378.5999755859375,2141532,925.0,947.2999877929688,921.0,936.25,936.25,5375254,1367.5,1371.5,1339.5,1349.0,1349.0,21766068.0,3100.0,3138.5,3082.0,3122.60009765625,3122.60009765625,2015150,2056.5,2068.199951171875,2004.0999755859375,2032.199951171875,2032.199951171875,1354644,1977.0,2007.0999755859375,1967.0,1996.0999755859375,1996.0999755859375,7952295,1389.5,1412.9000244140625,1373.0,1404.5999755859375,1404.5999755859375,17352720
2026-01-22,1666.0,1671.199951171875,1653.800048828125,1663.5,1663.5,6228892,928.0,928.2999877929688,913.2000122070312,918.7000122070312,918.7000122070312,44444755,3798.89990234375,3801.300048828125,3755.10009765625,3793.800048828125,3793.800048828125,1856812,2368.89990234375,2402.0,2365.699951171875,2390.60009765625,2390.60009765625,1745964,15950.0,15971.0,15714.0,15765.0,15765.0,352320,417.1499938964844,426.8500061035156,417.1499938964844,423.20001220703125,423.20001220703125,11497522.0,1035.0,1055.5,1034.050048828125,1048.3499755859375,1048.3499755859375,12001641.0,1400.0,1421.699951171875,1388.5,1414.199951171875,1414.199951171875,1689638,947.0,947.0,934.25,942.8499755859375,942.8499755859375,5518756,1355.0999755859375,1358.0,1338.0,1345.5,1345.5,17179765.0,3150.0,3160.0,3122.300048828125,3150.39990234375,3150.39990234375,2269827,2055.89990234375,2102.89990234375,2051.0,2086.39990234375,2086.39990234375,942721,2008.800048828125,2018.9000244140625,1990.0,2002.199951171875,2002.199951171875,6722567,1410.0999755859375,1419.5,1395.0,1402.5,1402.5,15721693
2026-01-23,1667.199951171875,1675.699951171875,1662.199951171875,1670.800048828125,1670.800048828125,5869137,920.0,926.0999755859375,909.25,916.0999755859375,916.0999755859375,30985247,3798.0,3799.39990234375,3720.10009765625,3743.800048828125,3743.800048828125,1898703,2400.0,2434.300048828125,2376.800048828125,2409.5,2409.5,1378097,15819.0,15846.0,15439.0,15469.0,15469.0,338669,424.0,425.79998779296875,415.3999938964844,418.3999938964844,418.3999938964844,6520896.0,1051.9000244140625,1053.0,1025.5999755859375,1029.5,1029.5,10917698.0,1417.0,1417.0,1292.0,1308.4000244140625,1308.4000244140625,6380222,942.8499755859375,951.4000244140625,926.2999877929688,927.8499755859375,927.8499755859375,6535035,1340.5,1355.199951171875,1335.699951171875,1343.4000244140625,1343.4000244140625,14056524.0,3190.300048828125,3194.5,3152.0,3162.5,3162.5,2068857,2080.5,2082.5,1848.0,1864.199951171875,1864.199951171875,7492631,2009.0,2011.699951171875,1980.0999755859375,1984.699951171875,1984.699951171875,4340925,1401.800048828125,1407.0,1381.0,1386.0999755859375,1386.0999755859375,9837802
2026-01-27,1685.800048828125,1689.4000244140625,1661.0999755859375,1682.699951171875,1682.699951171875,10673087,906.0,931.2000122070312,905.0,926.4000244140625,926.4000244140625,44753093,3743.800048828125,3815.0,3739.0,3787.800048828125,3787.800048828125,2162193,2412.0,2421.60009765625,2380.5,2400.89990234375,2400.89990234375,2060117,15300.0,15387.0,15013.0,15245.0,15245.0,565768,421.0,426.95001220703125,418.8999938964844,422.8999938964844,422.8999938964844,8749844.0,1034.0999755859375,1055.0,1030.25,1053.1500244140625,1053.1500244140625,14420630.0,1334.300048828125,1368.300048828125,1322.0,1363.9000244140625,1363.9000244140625,3838632,930.0,931.9500122070312,907.7000122070312,914.7000122070312,914.7000122070312,15312488,1340.0,1369.0999755859375,1328.5999755859375,1361.4000244140625,1361.4000244140625,25263634.0,3175.0,3175.0,3130.0,3158.0,3158.0,4279874,1909.0,1973.9000244140625,1893.0,1959.5,1959.5,5449633,1972.0999755859375,2003.800048828125,1962.699951171875,1973.4000244140625,1973.4000244140625,10510891,1380.0,1391.5999755859375,1368.0,1380.5,1380.5,26302396
2026-01-28,1680.0,1688.800048828125,1650.0,1653.0999755859375,1653.0999755859375,4524246,932.5,941.4500122070312,928.9500122070312,933.0999755859375,933.0999755859375,24752435,3804.300048828125,3828.199951171875,3788.39990234375,3800.0,3800.0,1054842,2403.10009765625,2420.199951171875,2340.60009765625,2359.5,2359.5,928163,15161.0,15172.0,14813.0,14964.0,14964.0,561172,,,,,,,,,,,,,1373.9000244140625,1383.300048828125,1363.699951171875,1382.9000244140625,1382.9000244140625,1760763,914.7000122070312,933.9500122070312,914.7000122070312,926.7999877929688,926.7999877929688,3705290,,,,,,,3176.0,3205.199951171875,3170.60009765625,3190.0,3190.0,1617989,1985.0,2004.0,1952.0,1996.0,1996.0,1502885,1995.0,1995.0,1949.0,1950.9000244140625,1950.9000244140625,4137273,1385.0,1409.9000244140625,1384.9000244140625,1396.800048828125,1396.800048828125,6056974
